{
	"ground_position" : [ -0.072518, -0.247243, -2.588981 ],
	"ground_quat" : [ -0.010204, -0.015899, -0.018713, 0.999646 ],
	"position" : [ -0.136746, -0.264017, 0.320403 ],
	"frustum" : [ -0.643185, 0.593786, -0.356418, 0.423955, 1.0, 10.0 ],
	"rotatexyz" : [ -1.656007, -2.649486, -2.022311 ],
	"quat" : [ -0.014037, -0.022858, -0.017975, 0.999479 ]
}
