{
	"ground_position" : [ -0.100323811173439, -0.330240815877914, -2.934260606765747 ],
	"ground_quat" : [ -0.007894290611148, -0.009523842483759, 0.021399337798357, 0.999693989753723 ],
	"position" : [ -0.043859023600817, -0.131210878491402, -0.020923800766468 ],
	"frustum" : [ -0.671437680721283, 0.56068080663681, -0.468799144029617, 0.303926110267639, 1.0, 10.0 ],
	"rotatexyz" : [ 0.92560338973999, -1.888077020645142, 2.524070978164673 ],
	"quat" : [ 0.007711403537542, -0.016293423250318, 0.022154234349728, 0.999592065811157 ]
}
